,"Population"
"1950",207000
"1951",214000
"1952",222000
"1953",231000
"1954",240000
"1955",249000
"1956",259000
"1957",269000
"1958",280000
"1959",291000
"1960",302000
"1961",314000
"1962",327000
"1963",341000
"1964",355000
"1965",370000
"1966",385000
"1967",401000
"1968",418000
"1969",435000
"1970",453000
"1971",473000
"1972",496000
"1973",520000
"1974",545000
"1975",571000
"1976",598000
"1977",627000
"1978",657000
"1979",689000
"1980",722000
"1981",755000
"1982",787000
"1983",820000
"1984",855000
"1985",891000
"1986",929000
"1987",968000
"1988",1009000
"1989",1052000
"1990",1096000
"1991",1137000
"1992",1170000
"1993",1203000
"1994",1237000
"1995",1273000
"1996",1309000
"1997",1346000
"1998",1385000
"1999",1424000
"2000",1465000
"2001",1502000
"2002",1533000
"2003",1564000
"2004",1595000
"2005",1627000
"2006",1660000
"2007",1694000
"2008",1728000
"2009",1763000
"2010",1798000
"2011",1834000
"2012",1871000
"2013",1909000
"2014",1948000
"2015",1987000
"2016",2027000
"2017",2068000
"2018",2110000
"2019",2149000
"2020",2190000
"2021",2233000
"2022",2277000
"2023",2324000
"2024",2373000
"2025",2425000